/*!40101 SET @OLD_SQL_MODE=@@SQL_MODE */;
/*!40101 SET SQL_MODE='STRICT_TRANS_TABLES,NO_AUTO_CREATE_USER,NO_ENGINE_SUBSTITUTION' */;
/*!40111 SET @OLD_SQL_NOTES=@@SQL_NOTES */;
/*!40103 SET SQL_NOTES='ON' */;


INSERT INTO `sys_menu` (`id`,`create_date`,`description`,`menu_name`,`pid`,`type`,`url`,`icon`) VALUES (48,'2015-05-15','系统目录','系统目录',-1,NULL,'',NULL);
INSERT INTO `sys_menu` (`id`,`create_date`,`description`,`menu_name`,`pid`,`type`,`url`,`icon`) VALUES (1,'2015-05-15','系统管理','系统管理',48,'NAV','',NULL);
INSERT INTO `sys_menu` (`id`,`create_date`,`description`,`menu_name`,`pid`,`type`,`url`,`icon`) VALUES (2,'2015-05-15','用户管理','用户管理',1,'NAV','/admin/sys/user/list',NULL);
INSERT INTO `sys_menu` (`id`,`create_date`,`description`,`menu_name`,`pid`,`type`,`url`,`icon`) VALUES (7,'2015-05-15','资源管理','资源管理',1,'NAV','/admin/sys/menu/main',NULL);
INSERT INTO `sys_menu` (`id`,`create_date`,`description`,`menu_name`,`pid`,`type`,`url`,`icon`) VALUES (12,'2015-05-25 23:18:34','是','其他目录',48,'NAV','',NULL);
INSERT INTO `sys_menu` (`id`,`create_date`,`description`,`menu_name`,`pid`,`type`,`url`,`icon`) VALUES (16,'2015-05-28 09:49:00','角色管理','角色管理',1,'NAV','/admin/sys/role/list',NULL);
INSERT INTO `sys_menu` (`id`,`create_date`,`description`,`menu_name`,`pid`,`type`,`url`,`icon`) VALUES (17,'2015-05-29 14:06:47','用户列表查看','用户列表查看',2,'AUTH','/admin/sys/user/list',NULL);
INSERT INTO `sys_menu` (`id`,`create_date`,`description`,`menu_name`,`pid`,`type`,`url`,`icon`) VALUES (18,'2015-05-29 15:37:44','新增用户','新增用户',2,'AUTH','/admin/sys/user/create',NULL);
INSERT INTO `sys_menu` (`id`,`create_date`,`description`,`menu_name`,`pid`,`type`,`url`,`icon`) VALUES (20,'2015-06-01 21:29:12','查看用户','查看用户',2,'AUTH','/admin/sys/user/detials',NULL);
INSERT INTO `sys_menu` (`id`,`create_date`,`description`,`menu_name`,`pid`,`type`,`url`,`icon`) VALUES (21,'2015-06-01 21:30:15','删除用户','删除用户',2,'AUTH','/admin/sys/user/delete',NULL);
INSERT INTO `sys_menu` (`id`,`create_date`,`description`,`menu_name`,`pid`,`type`,`url`,`icon`) VALUES (22,'2015-06-01 21:32:01','修改用户','修改用户',2,'AUTH','/admin/sys/user/update',NULL);
INSERT INTO `sys_menu` (`id`,`create_date`,`description`,`menu_name`,`pid`,`type`,`url`,`icon`) VALUES (23,'2015-06-01 21:32:34','给用户授角色','给用户授角色',2,'AUTH','/admin/sys/user/auth',NULL);
INSERT INTO `sys_menu` (`id`,`create_date`,`description`,`menu_name`,`pid`,`type`,`url`,`icon`) VALUES (24,'2015-06-01 21:35:45','角色列表查看','角色列表查看',16,'AUTH','/admin/sys/role/list',NULL);
INSERT INTO `sys_menu` (`id`,`create_date`,`description`,`menu_name`,`pid`,`type`,`url`,`icon`) VALUES (25,'2015-06-01 21:36:31','新增角色','新增角色',16,'AUTH','/admin/sys/role/create',NULL);
INSERT INTO `sys_menu` (`id`,`create_date`,`description`,`menu_name`,`pid`,`type`,`url`,`icon`) VALUES (26,'2015-06-01 21:38:13','删除角色','删除角色',16,'AUTH','/admin/sys/role/delete',NULL);
INSERT INTO `sys_menu` (`id`,`create_date`,`description`,`menu_name`,`pid`,`type`,`url`,`icon`) VALUES (27,'2015-06-01 21:39:02','角色修改','修改角色',16,'AUTH','/admin/sys/role/update',NULL);
INSERT INTO `sys_menu` (`id`,`create_date`,`description`,`menu_name`,`pid`,`type`,`url`,`icon`) VALUES (28,'2015-06-01 21:42:46','角色授权','角色授权',16,'AUTH','/admin/sys/role/auth',NULL);
INSERT INTO `sys_menu` (`id`,`create_date`,`description`,`menu_name`,`pid`,`type`,`url`,`icon`) VALUES (29,'2015-06-01 21:44:33','查看资源界面','查看资源界面',7,'AUTH','/admin/sys/menu/main',NULL);
INSERT INTO `sys_menu` (`id`,`create_date`,`description`,`menu_name`,`pid`,`type`,`url`,`icon`) VALUES (30,'2015-06-01 21:45:37','查看树菜单','查看树菜单',7,'AUTH','/admin/sys/menu/showTree',NULL);
INSERT INTO `sys_menu` (`id`,`create_date`,`description`,`menu_name`,`pid`,`type`,`url`,`icon`) VALUES (31,'2015-06-01 21:46:18','菜单重命名','菜单重命名',7,'AUTH','/admin/sys/menu/updateName',NULL);
INSERT INTO `sys_menu` (`id`,`create_date`,`description`,`menu_name`,`pid`,`type`,`url`,`icon`) VALUES (32,'2015-06-01 21:46:53','删除菜单','删除菜单',7,'AUTH','/admin/sys/menu/delete',NULL);
INSERT INTO `sys_menu` (`id`,`create_date`,`description`,`menu_name`,`pid`,`type`,`url`,`icon`) VALUES (33,'2015-06-01 21:47:37','修改菜单','修改菜单',7,'AUTH','/admin/sys/menu/update',NULL);
INSERT INTO `sys_menu` (`id`,`create_date`,`description`,`menu_name`,`pid`,`type`,`url`,`icon`) VALUES (34,'2015-06-01 21:48:27','查看菜单','查看菜单',7,'AUTH','/admin/sys/menu/detials',NULL);
INSERT INTO `sys_menu` (`id`,`create_date`,`description`,`menu_name`,`pid`,`type`,`url`,`icon`) VALUES (35,'2015-06-01 21:49:33','增加菜单','增加菜单',7,'AUTH','/admin/sys/menu/create',NULL);
INSERT INTO `sys_menu` (`id`,`create_date`,`description`,`menu_name`,`pid`,`type`,`url`,`icon`) VALUES (36,'2015-06-01 21:50:05','移动菜单','移动菜单',7,'AUTH','/admin/sys/menu/move',NULL);
INSERT INTO `sys_menu` (`id`,`create_date`,`description`,`menu_name`,`pid`,`type`,`url`,`icon`) VALUES (37,'2015-06-01 22:20:54','查看角色','查看角色',16,'AUTH','/admin/sys/role/detials',NULL);
INSERT INTO `sys_menu` (`id`,`create_date`,`description`,`menu_name`,`pid`,`type`,`url`,`icon`) VALUES (40,'2015-06-04 16:20:53','公告管理','公告管理',1,'NAV','/admin/sys/notice/list?page.sort=createDate&page.direction=desc',NULL);
INSERT INTO `sys_menu` (`id`,`create_date`,`description`,`menu_name`,`pid`,`type`,`url`,`icon`) VALUES (41,'2015-06-04 16:20:36','查看公告列表','查看公告列表',40,'AUTH','/admin/sys/notice/list',NULL);
INSERT INTO `sys_menu` (`id`,`create_date`,`description`,`menu_name`,`pid`,`type`,`url`,`icon`) VALUES (42,'2015-06-04 16:25:53','增加公告','增加公告',40,'AUTH','/admin/sys/notice/create',NULL);
INSERT INTO `sys_menu` (`id`,`create_date`,`description`,`menu_name`,`pid`,`type`,`url`,`icon`) VALUES (43,'2015-06-04 16:27:42','修改公告','修改公告',40,'AUTH','/admin/sys/notice/update',NULL);
INSERT INTO `sys_menu` (`id`,`create_date`,`description`,`menu_name`,`pid`,`type`,`url`,`icon`) VALUES (44,'2015-06-04 16:26:43','删除公告','删除公告',40,'AUTH','/admin/sys/notice/delete',NULL);
INSERT INTO `sys_menu` (`id`,`create_date`,`description`,`menu_name`,`pid`,`type`,`url`,`icon`) VALUES (45,'2015-06-04 16:27:15','查看公告','查看公告',40,'AUTH','/admin/sys/notice/detials',NULL);
INSERT INTO `sys_menu` (`id`,`create_date`,`description`,`menu_name`,`pid`,`type`,`url`,`icon`) VALUES (46,'2015-06-08 09:34:33','爱上','测试',12,'NAV','说的',NULL);
INSERT INTO `sys_menu` (`id`,`create_date`,`description`,`menu_name`,`pid`,`type`,`url`,`icon`) VALUES (47,'2015-06-08 09:34:49','权限测试','权限测试',46,'AUTH','权限测试',NULL);

INSERT INTO `sys_notice` (`id`,`create_date`,`username`,`info`) VALUES (7,'2015-06-07 21:26:38','admin','本demo采用 Boot+Apache Shiro+Spring Data JPA构建 前台主要采用jquery-ui-bootstrap');

INSERT INTO `sys_role` (`id`,`create_date`,`description`,`role_code`,`role_name`) VALUES (4,'2015-05-13 23:32:19','超级管理员','admin','超级管理员');
INSERT INTO `sys_role` (`id`,`create_date`,`description`,`role_code`,`role_name`) VALUES (11,'2015-05-27 23:54:45','系统管理员','sysAdmin','系统管理员');
INSERT INTO `sys_role` (`id`,`create_date`,`description`,`role_code`,`role_name`) VALUES (16,'2015-06-07 22:20:23','测试111','testcode','测试111');

INSERT INTO `sys_role_menu` (`role_id`,`menu_id`) VALUES (4,48);
INSERT INTO `sys_role_menu` (`role_id`,`menu_id`) VALUES (4,1);
INSERT INTO `sys_role_menu` (`role_id`,`menu_id`) VALUES (4,2);
INSERT INTO `sys_role_menu` (`role_id`,`menu_id`) VALUES (4,7);
INSERT INTO `sys_role_menu` (`role_id`,`menu_id`) VALUES (4,12);
INSERT INTO `sys_role_menu` (`role_id`,`menu_id`) VALUES (4,16);
INSERT INTO `sys_role_menu` (`role_id`,`menu_id`) VALUES (4,17);
INSERT INTO `sys_role_menu` (`role_id`,`menu_id`) VALUES (4,18);
INSERT INTO `sys_role_menu` (`role_id`,`menu_id`) VALUES (4,20);
INSERT INTO `sys_role_menu` (`role_id`,`menu_id`) VALUES (4,21);
INSERT INTO `sys_role_menu` (`role_id`,`menu_id`) VALUES (4,22);
INSERT INTO `sys_role_menu` (`role_id`,`menu_id`) VALUES (4,23);
INSERT INTO `sys_role_menu` (`role_id`,`menu_id`) VALUES (4,24);
INSERT INTO `sys_role_menu` (`role_id`,`menu_id`) VALUES (4,25);
INSERT INTO `sys_role_menu` (`role_id`,`menu_id`) VALUES (4,26);
INSERT INTO `sys_role_menu` (`role_id`,`menu_id`) VALUES (4,27);
INSERT INTO `sys_role_menu` (`role_id`,`menu_id`) VALUES (4,28);
INSERT INTO `sys_role_menu` (`role_id`,`menu_id`) VALUES (4,29);
INSERT INTO `sys_role_menu` (`role_id`,`menu_id`) VALUES (4,30);
INSERT INTO `sys_role_menu` (`role_id`,`menu_id`) VALUES (4,31);
INSERT INTO `sys_role_menu` (`role_id`,`menu_id`) VALUES (4,32);
INSERT INTO `sys_role_menu` (`role_id`,`menu_id`) VALUES (4,33);
INSERT INTO `sys_role_menu` (`role_id`,`menu_id`) VALUES (4,34);
INSERT INTO `sys_role_menu` (`role_id`,`menu_id`) VALUES (4,35);
INSERT INTO `sys_role_menu` (`role_id`,`menu_id`) VALUES (4,36);
INSERT INTO `sys_role_menu` (`role_id`,`menu_id`) VALUES (4,37);
INSERT INTO `sys_role_menu` (`role_id`,`menu_id`) VALUES (4,40);
INSERT INTO `sys_role_menu` (`role_id`,`menu_id`) VALUES (4,41);
INSERT INTO `sys_role_menu` (`role_id`,`menu_id`) VALUES (4,42);
INSERT INTO `sys_role_menu` (`role_id`,`menu_id`) VALUES (4,43);
INSERT INTO `sys_role_menu` (`role_id`,`menu_id`) VALUES (4,44);
INSERT INTO `sys_role_menu` (`role_id`,`menu_id`) VALUES (4,45);
INSERT INTO `sys_role_menu` (`role_id`,`menu_id`) VALUES (4,46);
INSERT INTO `sys_role_menu` (`role_id`,`menu_id`) VALUES (4,47);
INSERT INTO `sys_role_menu` (`role_id`,`menu_id`) VALUES (11,48);
INSERT INTO `sys_role_menu` (`role_id`,`menu_id`) VALUES (11,1);
INSERT INTO `sys_role_menu` (`role_id`,`menu_id`) VALUES (11,2);
INSERT INTO `sys_role_menu` (`role_id`,`menu_id`) VALUES (11,7);
INSERT INTO `sys_role_menu` (`role_id`,`menu_id`) VALUES (11,12);
INSERT INTO `sys_role_menu` (`role_id`,`menu_id`) VALUES (11,16);
INSERT INTO `sys_role_menu` (`role_id`,`menu_id`) VALUES (11,17);
INSERT INTO `sys_role_menu` (`role_id`,`menu_id`) VALUES (11,24);
INSERT INTO `sys_role_menu` (`role_id`,`menu_id`) VALUES (11,28);
INSERT INTO `sys_role_menu` (`role_id`,`menu_id`) VALUES (11,29);
INSERT INTO `sys_role_menu` (`role_id`,`menu_id`) VALUES (11,30);
INSERT INTO `sys_role_menu` (`role_id`,`menu_id`) VALUES (11,31);

INSERT INTO `sys_user` (`id`,`create_date`,`password`,`salt`,`username`) VALUES (4,'2015-05-25 10:19:49','0a126b8695f8f7e0dff7f36f8039def4','qwef2+_sd-0+4-0-3>?re>><48u8^@({{03-)(','admin');
INSERT INTO `sys_user` (`id`,`create_date`,`password`,`salt`,`username`) VALUES (16,'2015-06-01 23:01:58','68d97e0e3e90e1c28afb490baa5a4563','665f828e-81fc-49a4-adc8-4f6a83d5d6ec','sysadmin');

INSERT INTO `sys_user_role` (`user_id`,`role_id`) VALUES (4,4);
INSERT INTO `sys_user_role` (`user_id`,`role_id`) VALUES (4,16);
INSERT INTO `sys_user_role` (`user_id`,`role_id`) VALUES (16,11);

/*!40111 SET SQL_NOTES=@OLD_SQL_NOTES */;
/*!40101 SET SQL_MODE=@OLD_SQL_MODE */;
